<?xml version = "1.0" encoding = "utf-8"?>
<!DOCTYPE hibernate-configuration SYSTEM
        "http://www.hibernate.org/dtd/hibernate-configuration-3.0.dtd">
<hibernate-configuration>
    <session-factory>

        <property name = "hibernate.connection.driver_class">org.postgresql.Driver</property>
        <property name = "hibernate.connection.url">jdbc:postgresql://localhost:5432/java10UserDb</property>
        <property name = "hibernate.connection.username">postgres</property>
        <property name = "hibernate.connection.password">123456789</property>
        <property name="hibernate.show_sql"> true </property>
        <property name="hibernate.hbm2ddl.auto">create</property>

        <!--  <mapping class="com.bilgeadam.repository.entity.User"/>
            <mapping class="com.bilgeadam.repository.entity.Post"/>-->

    </session-factory>
</hibernate-configuration>